Workbook

Sheet Employees
A1: Employee ID | B1: First Name | C1: Last Name | D1: Department | E1: Position | F1: Hire Date | G1: Salary | H1: Full-Time
A2: 1001 | B2: Aarav | C2: Sharma | D2: Finance | E2: Financial Analyst | F2: 44270 | G2: 72000 | H2: Yes
A3: 1002 | B3: Priya | C3: Reddy | D3: Human Resources | E3: HR Specialist | F3: 44753 | G3: 65000 | H3: Yes
A4: 1003 | B4: Rohan | C4: Mehta | D4: IT | E4: Software Engineer | F4: 43850 | G4: 92000 | H4: Yes
A5: 1004 | B5: Ananya | C5: Iyer | D5: Marketing | E5: Marketing Coordinator | F5: 45327 | G5: 58000 | H5: Yes
A6: 1005 | B6: Vikram | C6: Patel | D6: Sales | E6: Sales Executive | F6: 45064 | G6: 61000 | H6: Yes
A7: 1006 | B7: Neha | C7: Verma | D7: IT | E7: Data Analyst | F7: 44872 | G7: 78000 | H7: Yes
A8: 1007 | B8: Arjun | C8: Nair | D8: Operations | E8: Operations Manager | F8: 43689 | G8: 85000 | H8: Yes
A9: 1008 | B9: Kavya | C9: Rao | D9: Finance | E9: Accountant | F9: 45194 | G9: 59000 | H9: No
A10: 1009 | B10: Rahul | C10: Gupta | D10: Sales | E10: Sales Manager | F10: 44361 | G10: 82000 | H10: Yes
A11: 1010 | B11: Sneha | C11: Kapoor | D11: Human Resources | E11: Recruiter | F11: 45523 | G11: 57000 | H11: Yes
A12: 1011 | B12: Aditya | C12: Joshi | D12: IT | E12: Systems Administrator | F12: 44105 | G12: 80000 | H12: Yes
A13: 1012 | B13: Meera | C13: Krishnan | D13: Marketing | E13: Content Specialist | F13: 44942 | G13: 62000 | H13: No
... A36: 1035 | B36: Vivek | C36: Desai | D36: Operations | E36: Operations Analyst | F36: 45488 | G36: 70000 | H36: No

Sheet Analysis
A1: Analytical Question | B1: Result | C1: Formula Used
A2: 1.“Which department has the highest average salary?” | B2: =INDEX(A5:A10,MATCH(MAX(B5:B10),B5:B10,0)) -> IT | C2: AVERAGEIFS
A3: Supporting Calculations
A4: Department | B4: Average Salary
A5: Finance | B5: =AVERAGEIFS(Employees!G:G,Employees!D:D,A5) -> 76833.333
A6: Human Resources | B6: =AVERAGEIFS(Employees!G:G,Employees!D:D,A6) -> 66400
A7: IT | B7: =AVERAGEIFS(Employees!G:G,Employees!D:D,A7) -> 84857.143
A8: Marketing | B8: =AVERAGEIFS(Employees!G:G,Employees!D:D,A8) -> 67200
A9: Operations | B9: =AVERAGEIFS(Employees!G:G,Employees!D:D,A9) -> 73500
A10: Sales | B10: =AVERAGEIFS(Employees!G:G,Employees!D:D,A10) -> 70833.333
A11: 2.How many employees were hired in the last 12 months? | B11: =COUNTIFS(Employees!F:F,">="&EDATE(TODAY(),-12),Employees!F:F,"<="&TODAY()) -> 0 | C11: COUNTIFS
A13: 3.What is the total salary expense for full‑time employees? | B13: =SUMIFS(Employees!G:G,Employees!H:H,"Yes") -> 2151000 | C13: SUMIFS
A15: 4.Which position has the most employees? | B15: =INDEX(A17:A41,MATCH(MAX(B17:B41),B17:B41,0))&" = "&MAX(B17:B41) -> Software Engineer = 3 | C15: COUNTIFS
A16: POSITION | B16: EMPLOYECOUNT
A17: Financial Analyst | B17: =COUNTIFS(Employees!E:E,A17) -> 2
A18: HR Specialist | B18: =COUNTIFS(Employees!E:E,A18) -> 2
A19: Software Engineer | B19: =COUNTIFS(Employees!E:E,A19) -> 3
A20: Marketing Coordinator | B20: =COUNTIFS(Employees!E:E,A20) -> 1
A21: Sales Executive | B21: =COUNTIFS(Employees!E:E,A21) -> 2
A22: Data Analyst | B22: =COUNTIFS(Employees!E:E,A22) -> 1
A23: Operations Manager | B23: =COUNTIFS(Employees!E:E,A23) -> 2
A24: Accountant | B24: =COUNTIFS(Employees!E:E,A24) -> 1
A25: Sales Manager | B25: =COUNTIFS(Employees!E:E,A25) -> 2
A26: Recruiter | B26: =COUNTIFS(Employees!E:E,A26) -> 2
A27: Systems Administrator | B27: =COUNTIFS(Employees!E:E,A27) -> 1
A28: Content Specialist | B28: =COUNTIFS(Employees!E:E,A28) -> 1
... A41: Business Development Executive | B41: =COUNTIFS(Employees!E:E,A41) -> 1
A43: 5.What is the median salary across the company? | B43: =MEDIAN(Employees!G:G) -> 70000 | C43: MEDIAN
